{
    "ProjectType": 5, 
    "Name": "Weapon Infusions",
    "Description": "Generate the 15 infusion entries from a base entry.",
    "Count": 15,
    "DefinitionList": [
        {
            "PossessiveAdjust": true,
            "Offset": 100,
            "PrependText": "Heavy",
            "AppendText": ""
        },
        {
            "PossessiveAdjust": true,
            "Offset": 200,
            "PrependText": "Sharp",
            "AppendText": ""
        },
        {
            "PossessiveAdjust": true,
            "Offset": 300,
            "PrependText": "Refined",
            "AppendText": ""
        },
        {
            "PossessiveAdjust": true,
            "Offset": 400,
            "PrependText": "Simple",
            "AppendText": ""
        },
        {
            "PossessiveAdjust": true,
            "Offset": 500,
            "PrependText": "Crystal",
            "AppendText": ""
        },
        {
            "PossessiveAdjust": true,
            "Offset": 600,
            "PrependText": "Fire",
            "AppendText": ""
        },
        {
            "PossessiveAdjust": true,
            "Offset": 700,
            "PrependText": "Chaos",
            "AppendText": ""
        },
        {
            "PossessiveAdjust": true,
            "Offset": 800,
            "PrependText": "Lightning",
            "AppendText": ""
        },
        {
            "PossessiveAdjust": true,
            "Offset": 900,
            "PrependText": "Deep",
            "AppendText": ""
        },
        {
            "PossessiveAdjust": true,
            "Offset": 1000,
            "PrependText": "Dark",
            "AppendText": ""
        },
        {
            "PossessiveAdjust": true,
            "Offset": 1100,
            "PrependText": "Poison",
            "AppendText": ""
        },
        {
            "PossessiveAdjust": true,
            "Offset": 1200,
            "PrependText": "Blood",
            "AppendText": ""
        },
        {
            "PossessiveAdjust": true,
            "Offset": 1300,
            "PrependText": "Raw",
            "AppendText": ""
        },
        {
            "PossessiveAdjust": true,
            "Offset": 1400,
            "PrependText": "Blessed",
            "AppendText": ""
        },
        {
            "PossessiveAdjust": true,
            "Offset": 1500,
            "PrependText": "Hollow",
            "AppendText": ""
        }
    ]
}